{
  "version": "0.2.0",
  "configurations": [
    {
      "name": "C/C++ Runner: Debug Session",
      "type": "cppdbg",
      "request": "launch",
      "args": [],
      "stopAtEntry": false,
      "console": "externalTerminal",
      "externalConsole": false,
      "cwd": "${fileDirname}",
      "program": "${fileDirname}/build/Debug/outDebug",
      "MIMode": "",
      "miDebuggerPath": "",
      "setupCommands": [
        {
          "description": "Enable pretty-printing for gdb",
          "text": "-enable-pretty-printing",
          "ignoreFailures": true
        }
      ]
    }
  ]
}
